product,Felipe,Pattie,McCullough,Marquardt, Fritsch and Spinka,244 Augusta Valleys,3563 Lilian Stravenue,Vitamouth,VA,19269,02159,88973-2187,727-595-9383 x63835,68AUUT2M44,HFYEU0VXG8,X1O2DNXAL4,01/29/2020,FSLZRCVXBX,A3XGTU17GV,XYQFZL259V,E2LEO2VJDG,SKBEUBUMTD,F5WVZ23POZ,1GFH7RAWJ1,LTJ3G790FW,04/23/2020,AEXECOHCUY,PSB6B82KFC,M1F3APM61G,ZUVEGJUEK4,BFCXRWVOOA,01/19/2020,06/02/2020,08/28/2020,E9QIHTBRH1,DO6ISAGJU6,01/11/2020,SD4BYT1YZS,JS35YBWKNO,X6N3913UTD,76ZOVFPP75,P17YEN6A9M,IE9ISEKL4K,318KAONY92,6ba94e59-d8d9-4a2a-a1d5-e8e2536dc53e,03/02/2020,Leda79@gmail.com,64LPCFNZD9,B,98.84NMTMxMDAwNjkwMAuVfUhi4XOKzbonnlM1ama2D4koLC+fLb3aproCil+kSg==
product,Keara,Kristin,Franecki,Torphy, Mohr and Rippin,33021 Brenna Underpass,612 Sanford Cove,South Ella,CA,39653,88411-4450,86634,898.574.2030,VS1FSY1ZU9,CU27ZKNB0K,IUNHCR9IHL,09/01/2020,C3NC4T60UD,R3JNP5NTM1,C80V4T4U8Q,QZK0LX92JC,WLND641GGH,4ABZ53UZCS,EZBMTK1JFN,9FBC1827KS,06/19/2020,2L4WU25VP9,3QX28QCA6Q,2Z3365RHK2,ZPSU58T4T7,8GGG9SRWA0,02/09/2020,04/07/2020,04/25/2020,JCV13S6NUU,N9TYNHPFR1,03/08/2020,MIO50980LB,2OWVAPRDOC,7DLUDLVOTE,HKQK1RH449,CBPEP4L4WL,HHV0YM000V,K6JLC01WT7,1f1cbd47-b43b-4b06-9925-f52e3638de35,06/21/2020,Kyle.Cronin48@hotmail.com,RN2KHFCE45,B,8.09NMTMxMDAwNjkwMAourg7dxz3AWxR5IZxVwVeJMQz4ZVe3jbXVxGoEmu78zg==
product,Brionna,Russ,Pouros,Connelly, Goldner and Schimmel,930 Anissa Isle,59985 Crist Parks,Kerlukeland,NH,91591-1139,32229,80950,120.436.5453,RT0O85HW5C,OSEKO425RI,D6XENZHVFD,07/15/2020,FYCDBX3HWG,0NGES1Z1HS,3BAAQEC0WC,FWCUKO3IB0,40T7ARR8U7,XXVWA9P4QX,CEF2X9WSJN,ZI0W4ZI5WT,12/18/2019,HG6VPKA36P,2L2YJ76ZW8,7W6HQL3DCF,HNHV8Q5VZW,1DWMHWFRT7,03/18/2020,08/24/2020,06/04/2020,4RM1FMLIK1,LS5V5W00UL,10/24/2020,K64AMWT4HK,V0FPTPI1AY,HD7LNE8IDW,5JXTB4YRYM,0SLXA9RBB1,V36LNV7IJS,N8ZQJ5JHHH,073fd14d-3a8d-4205-9d98-d2831e94221e,02/01/2020,Jarrell_Ritchie@yahoo.com,619ZWAUNW9,B,9111.04NMTMxMDAwNjkwMAetAo4u0+DRbjr+dhRHy4fAZ1IVMZ6iH6dXhmNmkENaco==
product,Tre,Georgette,Heller,Leannon, Swaniawski and Crona,8766 Leonel Brook,795 Gutmann Mountain,West Kaylahville,WV,26897-3137,45451,30077,1-745-011-7146 x954,RVBPD6L5CD,OWJG747IDO,VS9WNYVJKV,02/14/2020,TAY52PZQMV,PTZNAGZ332,K1OBLHOJ9J,XK58NP6I4C,SSPS29V7XM,JEY54S1I40,9WWA0HF8OM,6GG5N1FF3E,04/23/2020,4NA8Q5J2X9,LFK22ZQQDU,2MC7I7EXD5,IE7TOR41FE,N53OESSZDT,06/07/2020,11/17/2020,01/15/2020,T6ZNPYTMO2,08UDVCF530,02/04/2020,GE48W2L0GS,FYYKLDBWZ3,JE783P6F5U,J34B5YXYSX,G31Y2LMC4E,7IWYES89V5,R50JUBV8K4,cf339deb-8b64-463e-8525-22767c814392,12/22/2019,Keegan.Wisoky44@hotmail.com,WW0QGW09YP,B,1.73NMTMxMDAwNjkwMAm1wAec0h/yX4Dm4RLsi0J1qwzkEJMT3S2MRflCwH67Wm==
product,Reanna,Randi,Abbott,Cummerata Inc,25378 Klocko Parks,3829 Salma Streets,New Chazbury,HI,22649,04641,75195-7741,1-439-927-3190 x3246,SQLKX5C6DW,U2G7Q67QG2,PWZ9N88CMP,07/15/2020,XFXTQ0B7HK,UTCAU6YEPQ,79MJ02LG5W,P5VJ3AXPJE,28PJ7RX0Y0,E96KZC09PF,Z696GIB03A,CD8MBLT9I2,07/05/2020,JJ4RK4P8AN,LX4HUCKKR2,PGBRVPU3L5,OM781P28I6,P3EJL0QHZD,11/17/2020,11/04/2020,09/24/2020,36D8RA5A1C,MXYBG61XU0,06/07/2020,7WBKYCJNVZ,TVMYVFSKF7,UZDBJYM88G,WFS7L1III7,UL1NEJEVRY,XX08M7HG4R,9VYYJ5BPY3,31917c59-31cf-4275-ba82-b36573354421,10/16/2020,Eric23@hotmail.com,666RBR4HU4,B,2.08NMTMxMDAwNjkwMAaL3sSPBYiyqeX1aNCuO2h58kWaRjlFWbDIj+5w58W0/t==
product,Vivien,Lacey,Kihn,Wyman - Heathcote,454 Krajcik Crossroad,632 Kohler Falls,North Timmy,GA,26103-7233,45098,84722,986.373.5854 x68330,7OI7DN4J83,F4PYG7PUGM,BNB541T6LC,03/13/2020,PL42UJ824A,GDE0RXB99V,WUTN4D03CD,4PH3IILT87,I1P6HDVNSN,DSMJ348191,FKKW62Q4Z0,YW4390FUOH,07/01/2020,3ATIY9CTR2,468L5W2WT0,9BOKSRXYXS,LN0EQQ7QWB,A7JBT95HTE,07/05/2020,04/23/2020,10/02/2020,D9VY3J65VE,AQE2DGD2ZF,08/27/2020,HPPL4VXGAP,6PO7M4MIIR,MB87SJ0QL3,PJ5KE4N3M9,R2FB16S38E,AJODDF39ZP,XK3XWZBZEV,0556f34d-4c8d-4ecd-bdd7-6ad150469ce5,10/06/2020,Janice_Streich@yahoo.com,GH508OK1ZR,B,90.33NMTMxMDAwNjkwMA32OkmDOI9VM+WeZTkJUsQKKfR4WYvQIFkvjWrYQYeDFR==
product,Raphael,Retta,Hegmann,Hagenes - Wuckert,0173 Powlowski Creek,557 Luciano Street,Corkerystad,AR,83492-3062,61591-2766,98343,490.302.5007,G77N2JCVKI,8WJ5F301LW,QBCKHM5JKC,11/17/2020,N1BICRGS2F,46APP5UWQM,V40AWM1YDF,KSRN75BFYJ,76D7S2P1QA,LG7AWQDP5S,FRO4BI4LOM,8RZM06ZCX9,01/22/2020,4TDX437JEE,VZV8N4CDPO,MY22AMH2YI,FA6F45DYKR,9U796Z5BHF,10/24/2020,02/16/2020,01/29/2020,O3MVB63MOY,36DSQ0FH6Y,08/18/2020,OTJR8WXCKR,R7D4EBHI25,OR88ZDWF8P,6R57VPYERE,X2XOEAXNEL,8WQDQT6S2I,G8PS9XLMLI,a7db2e2e-6884-4a6b-979d-79350f226478,10/17/2020,Dane.Roberts25@hotmail.com,XXDKMNCHMO,B,1057.57NMTMxMDAwNjkwMAoyN6fjYVVNGGipb6mzmbf+isTq0cP5NymVh4Q61NzVad==
product,Jules,Nyah,Rolfson,Reichert and Sons,37633 Wolff Avenue,74369 Myriam Burg,South Ashleystad,AK,11916-0113,53847,38409,(671) 746-5604,SMQOBR0XYY,5FP0ZGC97I,F47NJJ3I38,04/30/2020,EOVYCD81U0,L8V33BBMZ3,0ZDT3U9YCJ,N8K0ITFD8C,ND1DAMF86L,GA4IXI1TW5,VEO19GYWJA,NQDX06VJF3,06/17/2020,MY16QYQFU6,015DFYEO7V,WDNLYRU9Y9,FBKRRN3OCF,TWACPSSMAA,09/02/2020,09/10/2020,04/30/2020,FNGXZU7T3D,OG4VV2TRYB,02/19/2020,8GQ9PD0J1F,KW9CCAC5AT,WIR1N68LPL,Q9CSFWYHDK,URCV8C8NDZ,DA7XQ07FO9,RZ8BJU0YDK,49238679-13ec-489d-b28e-d10c573e5834,06/01/2020,Misael54@gmail.com,07ZD9PAQI9,Y,12.68NMTMxMDAwNjkwMA/ZjaqCf46BwbOWv6qJTfCT2eoyKqEIEiP0mHLPnRAyLA==
product,Ernestine,Jared,Schuppe,Koepp - Feest,0779 Hudson Turnpike,24885 Polly Valleys,South Magnus,NH,41302,18408-9659,76368-7792,301-182-0246,0G8R760Y5T,NRBVFNHR81,4C5PV60IY2,06/23/2020,XJZID5U5MO,PNZBR3ALGR,855HFF3Z15,V9DWEIU9SP,DGKUWFC9C6,UNXB57CV7H,A4GP4DD06F,7BS23PY819,05/22/2020,GX0TFFNIBR,47O3B00G6B,VAVXYPNGXN,O7Q027Y65J,AZZDPDUGPV,01/18/2020,03/07/2020,02/17/2020,H91UANKZEC,TX46W85Z5Z,01/12/2020,Y5U4DNQAHS,VJAMPKBK5Z,0Q7QF67TYF,W5AJM0COW7,LR8TI5M6BZ,6O3QGDS4AB,OIM0Q1JCMC,23ff7e42-e28f-4544-bfdd-26b3014666ab,03/11/2020,Shanna_Glover77@gmail.com,5UL7F3FR8R,Y,90.01NMTMxMDAwNjkwMAXKBW+772+707aXI33TbsdDuIlmOiPoqmmU9uK0gdbtVP==
product,Ivory,Eloisa,Greenfelder,Streich, Rempel and Stanton,803 Gorczany Shore,948 Angelica Crossing,Jailynberg,ND,23233-1949,70031-3292,71715-6582,1-852-033-5907 x712,072KV6T1UF,VT14EEVGXV,U2KWL2A14D,09/09/2020,7ERLWOF9KM,WYL3A4GD06,1O5YQAA2Z2,ULT2C7GUZ4,QZ73I2GWGQ,BYIT5AIHI2,W8HIH994Z0,VXU3HEYRER,01/16/2020,P43RQPWQRT,340ATWVMEG,THMXUHIRDT,59BDL1EY0P,BMLIPOV87M,06/26/2020,12/24/2019,10/03/2020,7HSCXPD4PH,NKIKKDBQGP,02/16/2020,8O7EN59JKL,QTYXHO9OP6,YDLHQVM7I4,NDCNE0JY6X,9VMGXY7DJG,X4RLJ1Z4NR,BF42SDYZMT,afe42dc1-9d28-44d5-939d-946321e1ef5f,09/01/2020,Harvey66@gmail.com,9IGB3N6IOB,Y,266.87NMTMxMDAwNjkwMAl6BuWVGi1AQTsAyZ2nfcGfkJSZKySkcRM/LuyDd6rulo==
product,Tod,Norbert,Koss,Hudson, VonRueden and Volkman,7215 Collins Camp,51946 Gorczany Plaza,Donnellyton,ID,88499-6593,69415,40466,778.739.0470 x966,5DA9EJO393,CRUQYBPPYA,L8FWUPNQEP,04/09/2020,L6K47WUPH9,U8FZ5KVFHR,0KD7W4PDZU,6DJ0XQ32WU,ZHS5SUMIOE,OSVVIDQ58S,V3FT5CAUM3,LSVRDHQU07,01/16/2020,C8J0RQTV8R,GEXDO14YBP,OJWQKOEFFT,5CIVL4RHNM,NCIWTHGSSC,10/13/2020,07/24/2020,02/28/2020,O677OYWYEJ,QJFX0BS4R3,07/06/2020,8YHWPZVD05,UP9FO0RTOR,WN9P7MY4MI,CWDVSESL0I,4366MXXIBC,IZ4Z2ZJ8K0,RZP8K6E1JV,e28e5b18-137d-4a03-9b13-340ee9cca607,10/21/2020,Donnie.Friesen@hotmail.com,ST4RY26H6A,B,9.98NMTMxMDAwNjkwMAwQdnbmvyoBkWP8uHS5XqxT6mOxivuihrjZUGsZkwJByn==
