product,Cloyd,Angel,Bergstrom,Reinger Inc,0
product,Kody,Clark,Ernser,Stokes  Mante and Donnelly,1
product,Geoffrey,Harley,Roob,Lang and Sons,2
product,Mustafa,Willard,Prosacco,Rodriguez - Fadel,3
product,Donavon,Perry,Boyer,Dickens - Emmerich,4
product,Murray,Cayla,Raynor,Hammes - Lakin,5
product,Earnest,Moises,Grady,Luettgen - Blick,6
product,Kody,Gerda,Russel,Schroeder - Leuschke,7
product,Evalyn,Allison,Kunde,Auer LLC,8
product,Cary,River,Mann,Stracke - Kautzer,9
product,Ryleigh,Juwan,Satterfield,Ferry LLC,10
product,Lori,Alden,Kohler,Flatley LLC,11
product,Kristina,Stewart,Keeling,Schroeder and Sons,12
product,Janis,Russell,Lockman,Hessel - Bruen,13
product,Pearline,Liam,Roberts,Feil LLC,14
product,Everette,Kavon,Huel,Okuneva - Weimann,15
product,Eladio,Aleen,Marvin,Carroll  Cole and Conn,16
product,Rosetta,Maurice,Kuvalis,Dietrich LLC,17
product,Jessika,Ricardo,Wyman,Bosco LLC,18
product,Wilmer,Zelda,Borer,Lind - Gutmann,19
product,Braden,Clotilde,Swaniawski,Blanda Group,20
product,Nelson,Heaven,Schuster,Fadel Group,21
product,Pierre,Furman,Bins,Kertzmann - Schaefer,22
product,Keyshawn,Retha,Gleichner,Schamberger Group,23
product,Rick,Myrtice,Hegmann,Sporer  Quigley and Effertz,24
product,Amanda,Alfonso,King,Lehner  Schultz and Tillman,25
product,Cleta,Erich,Bruen,Gerhold  Mueller and Shanahan,26
product,Dimitri,Roman,Heidenreich,Ritchie - Cremin,27
product,Kaci,Juana,Rowe,Fahey Group,28
product,Audrey,Murray,McKenzie,Blanda  Boyle and Medhurst,29
product,Cordia,Rogers,Gorczany,Wisozk and Sons,30
product,Orie,Mathilde,Cummings,Schmitt  Baumbach and Reynolds,31
product,Reina,Fritz,Beahan,Emard Inc,32
product,Eunice,Berneice,Parker,Homenick - Hansen,33
product,Elna,Keven,Hauck,Howell  Daniel and Labadie,34
product,Agustina,Herbert,McCullough,Gerhold Group,35
product,Annalise,Hudson,Cremin,Wiegand - Kreiger,36
product,Moises,Kelvin,Bogan,Satterfield Inc,37
product,Gene,Dallin,Quitzon,Zemlak - Kuhlman,38
product,Aaliyah,Wilfrid,Schumm,Stehr - Hansen,39
product,Jewel,Cathrine,Larson,Dickinson - Hermann,40
product,Ashlynn,Sandrine,Anderson,Miller - Kemmer,41
product,Manuel,Beth,Cronin,Becker  Corkery and Langworth,42
product,Gregoria,Wellington,Runolfsdottir,Bruen  Keebler and Mueller,43
product,Elissa,Naomie,Orn,Hane - Torp,44
product,Twila,Christian,Schroeder,Schumm Group,45
product,Blanche,Vickie,Fahey,Wolf  Hilpert and Haley,46
product,Brock,Tara,Leffler,Feest - Harris,47
product,Vinnie,Maynard,Waelchi,Parker - Cronin,48
product,Alize,Kira,Moen,Parisian  Lowe and Schuppe,49
product,Jordane,Evans,McGlynn,Bernhard - Wiegand,50
product,Weston,Cynthia,Streich,O'Kon and Sons,51
product,Stephanie,Maria,Reichert,Gerhold  Keeling and Lebsack,52
product,Domenick,Darron,Nienow,West - Weimann,53
product,Helen,Stefanie,Barrows,Boyer Group,54
product,Britney,Alba,Hauck,Rippin Group,55
product,Stewart,June,Beier,Mante LLC,56
product,Vince,Troy,Hickle,Robel  Murray and Romaguera,57
product,Kathryn,Johnny,Upton,Fay - Beer,58
product,Maxime,Lourdes,Jenkins,Mraz  Ferry and Wehner,59
product,Teagan,Isaias,Gutmann,Gulgowski  Dicki and O'Kon,60
product,Edwina,Cale,Shields,Stracke LLC,61
product,Abigale,Boris,Lemke,Murphy - Mueller,62
product,Miles,Jeremy,Luettgen,Lemke - Marquardt,63
product,Dejuan,Amelie,Schiller,Erdman - Mayer,64
product,Chaz,Gerry,Schuster,Corwin - Deckow,65
product,Erika,Joey,Wiegand,Kulas and Sons,66
product,Kennith,Carmela,Homenick,Hahn - Swift,67
product,Hadley,Damian,Baumbach,Lockman and Sons,68
product,Kendra,Cheyanne,Champlin,Kreiger  Steuber and Wilkinson,69
product,Brant,Treva,Mitchell,Medhurst Inc,70
product,Nelson,Annalise,Feeney,Mraz and Sons,71
product,Lyda,Daija,Harber,Sawayn  Stokes and Russel,72
product,Edwina,Janet,Goldner,Franecki - Schmitt,73
product,Rigoberto,Emerson,Ziemann,Upton  Harris and Hills,74
product,Nona,Hank,Howell,Barrows  Moen and Klein,75
product,Baby,Karen,Becker,Lynch  Gulgowski and Kozey,76
product,Earnestine,Ariel,Gutmann,Ritchie - Gutmann,77
product,Angus,Marisa,Stracke,Medhurst and Sons,78
product,Ulises,Breanna,Tromp,Considine LLC,79
product,Madge,Stewart,Ebert,Glover - Tremblay,80
product,Franco,Cleve,Halvorson,Fisher Group,81
product,Stefan,Jacey,Howell,Schiller  McClure and Prosacco,82
product,Michale,Jerrod,Kautzer,Koss  Bradtke and Strosin,83
product,Gerda,Isai,Nienow,Buckridge - Toy,84
product,Madisyn,Joelle,McCullough,Toy - Gibson,85
product,Madilyn,Esta,Hettinger,Weber  DuBuque and Ledner,86
product,Dillan,Marc,Torphy,Osinski - Beier,87
product,Lisette,Kennedi,Barton,Turner - Flatley,88
product,Ila,Cory,Kunde,Baumbach - Baumbach,89
product,Annabel,Rosario,Beier,Lubowitz  Walsh and O'Conner,90
product,Rebeca,Jalon,Kilback,Volkman - Rau,91
product,Ross,Zoey,Goyette,Pagac  Strosin and Hilpert,92
product,Lavern,Alene,Bernhard,Mayert - Cruickshank,93
product,Dasia,Candice,Lang,Mante  Hoppe and Hickle,94
product,Griffin,Thelma,West,Baumbach Inc,95
product,Abelardo,Florida,Gorczany,Hoeger  Hickle and Feil,96
product,Myron,Alverta,Bailey,Hettinger and Sons,97
product,Leo,Avis,Crona,Lind  Medhurst and Metz,98
product,Johnathan,Khalid,Abshire,Satterfield LLC,99
product,Jarred,Karelle,Goyette,Schiller  Lindgren and Blick,100
product,Mitchell,Diamond,Crist,Fadel  Gulgowski and Cole,101
product,Laurel,Hollis,Ratke,Wiza and Sons,102
product,Abigale,Kirsten,McClure,Lockman - Fay,103
product,Haskell,Roberta,Purdy,Heller and Sons,104
product,Nico,Arianna,Thiel,Aufderhar LLC,105
product,Zena,Lauren,Leuschke,Mayer Group,106
product,Dandre,Makayla,Jacobi,Towne - Feeney,107
product,Monica,Theresa,Breitenberg,Balistreri - Fritsch,108
product,Ellis,Jeromy,Jakubowski,Beatty  Little and Rolfson,109
product,Garth,Craig,Bayer,Macejkovic Inc,110
product,Harmon,Robbie,McGlynn,Greenfelder - Kub,111
product,Alvis,Autumn,Schinner,Rodriguez  Keebler and Gutmann,112
product,Lyric,Arch,Oberbrunner,Heidenreich Inc,113
product,Rashad,Warren,Brown,Mraz LLC,114
product,Lila,Sally,Jerde,White  Pfeffer and Leuschke,115
product,Felton,Fred,Schaefer,Murazik  Farrell and Stehr,116
product,Mackenzie,Jessika,Rempel,Baumbach - Schimmel,117
product,Agnes,Dangelo,Erdman,Grimes - Altenwerth,118
product,Neva,Dillan,Bashirian,Gibson - Rutherford,119
product,Jedediah,Francis,Goldner,Swaniawski - D'Amore,120
product,Michael,Henderson,Schmeler,Hansen  Reichert and Walter,121
product,Fay,Delmer,Wolff,Carroll - Dickinson,122
product,Gust,Meaghan,Hermann,Boyer  Turner and Vandervort,123
product,Karli,Sheldon,Auer,Willms  Kunde and Borer,124
product,Deborah,Rogers,Harris,Considine LLC,125
product,Nella,Isabella,McCullough,Schowalter  Conn and Hessel,126
product,Nick,Brianne,Bednar,Williamson Inc,127
product,Polly,Victoria,Cummerata,Wisozk Group,128
product,Bryce,Shirley,Rolfson,McKenzie  Hickle and Pouros,129
product,Jerod,Cassie,Tremblay,Weissnat  Schoen and McClure,130
product,Ramiro,Deron,Ruecker,Pfeffer  Schultz and Considine,131
product,Alivia,Darian,Cartwright,Schamberger and Sons,132
product,Hilton,Larue,Kunze,Tillman - Olson,133
product,Ana,Anabel,Stokes,Hoppe Group,134
product,Rudolph,Modesta,Mueller,Gutmann Inc,135
product,Celia,Aisha,Kunze,Hamill - Monahan,136
product,Buford,May,Spencer,Harvey  Erdman and Bernier,137
product,Mervin,Ansel,Schmidt,Aufderhar - Lemke,138
product,Osborne,Lane,Langworth,Franecki Inc,139
product,Mona,Alexa,Cartwright,Prohaska - Effertz,140
product,Izaiah,Terry,Shields,Murray  Buckridge and Bernhard,141
product,Cleveland,Alysa,Sporer,Bernhard  Mohr and Herzog,142
product,Elmira,Ariel,Ankunding,Champlin - Hirthe,143
product,Brenna,Rhiannon,Schamberger,Cremin  Ritchie and Dooley,144
product,Nia,Hosea,Wilkinson,Turner - Howe,145
product,Marcelle,Zion,Schowalter,Graham LLC,146
product,Rusty,Giuseppe,Gerlach,Kohler Group,147
product,Gilbert,Juanita,Lindgren,Rau - Funk,148
product,Anastacio,Kade,Tillman,Jacobi  O'Keefe and Rowe,149
product,Walker,Cathryn,Von,Zulauf  Pollich and Waelchi,150
product,Rosalyn,Colin,Stiedemann,Gottlieb  Langworth and Marquardt,151
product,Emery,Aliyah,Herzog,Armstrong - Murphy,152
product,Zion,Addison,Ferry,Rodriguez Group,153
product,Alf,Maxie,Stracke,Marks Group,154
product,Dorcas,Elijah,Mills,Johnston  Brakus and Stehr,155
product,Vada,Maya,Beatty,Gutkowski - Ferry,156
product,Isaac,Cedrick,Crooks,Heaney - Witting,157
product,Rico,Clementina,Grady,Heidenreich Group,158
product,Kaitlin,Myrl,McClure,Rosenbaum LLC,159
product,Verner,Onie,Schneider,Schiller Group,160
product,Brenda,Enola,Kris,Legros  McDermott and Ebert,161
product,Destin,Tyler,Goldner,Koepp Inc,162
product,Karine,Winifred,Bechtelar,Auer and Sons,163
product,Harmon,Sandrine,Steuber,Johnston - Lockman,164
product,Coleman,Marshall,Homenick,Borer - Hauck,165
product,Elvie,Mikayla,Gibson,Muller  Satterfield and Labadie,166
product,Candido,Juwan,Ferry,Lang - Larkin,167
product,Sibyl,Kavon,Gibson,Howell  Murphy and Purdy,168
product,Nicolas,Kenyatta,Rohan,Boehm  Rowe and Will,169
product,Estella,Mason,Wilkinson,Barrows  Mohr and Fay,170
product,Gerda,Magali,Ward,Stracke - Goodwin,171
product,Thurman,Gloria,Cremin,Rempel - Cormier,172
product,Blair,Jerrold,Veum,Little and Sons,173
product,Marjory,Evie,Kreiger,Streich - Stanton,174
product,Henderson,Dennis,Leannon,Armstrong and Sons,175
product,Brandt,Miles,Feil,Aufderhar  Bailey and Dicki,176
product,Allan,Margarete,Bednar,Schultz Group,177
product,Abelardo,Terrill,Terry,Dickinson and Sons,178
product,Ross,Martin,Hoppe,Windler Group,179
product,Jonas,Oleta,Schamberger,Rogahn and Sons,180
product,Kevin,Karli,Nitzsche,Stoltenberg - Gulgowski,181
product,Demarco,Lolita,Leffler,Adams and Sons,182
product,Bulah,Amely,O'Keefe,Parisian  Howell and Lubowitz,183
product,Rylee,Porter,Legros,Gibson Group,184
product,Merritt,Brittany,Strosin,Durgan LLC,185
product,Shaun,Evan,Cartwright,Considine - Rohan,186
product,Mervin,Mathilde,Littel,Kovacek - Cruickshank,187
product,Velva,Hortense,Bednar,Connelly  Turner and Dibbert,188
product,Arthur,Karlie,Weimann,Crona LLC,189
product,Elna,Roscoe,Green,Crist  Mann and Ziemann,190
product,Jerald,Neva,Bashirian,Cremin Group,191
product,Bell,Tressie,Vandervort,Mayer - Ullrich,192
product,Norma,Jillian,Anderson,Cormier  Green and Boyle,193
product,Justine,Devyn,Nicolas,Gerlach LLC,194
product,Maggie,Jaren,Ryan,McGlynn  Gusikowski and Abshire,195
product,Celine,Mckayla,Jacobi,Jacobi  Heathcote and Fay,196
product,Randi,Gianni,Hirthe,Haley - Bogan,197
product,Wilma,Leanna,Ebert,Jenkins Group,198
product,Selmer,Shawna,Gottlieb,Wuckert Group,199
product,Tillman,Rosemary,Leannon,Lynch - Champlin,200
product,Clinton,Shannon,Gutkowski,Kiehn and Sons,201
product,Dandre,Lennie,Hettinger,Gibson - Zboncak,202
product,Theresia,Casper,Roob,Sawayn - Schiller,203
product,Waino,Eloise,Brekke,Dare  King and Stoltenberg,204
product,Kathryne,Alexzander,Beatty,Osinski and Sons,205
product,Arnoldo,Melissa,Mills,Turcotte Group,206
product,Corene,Brain,Schumm,Considine - Rau,207
product,Arnold,Rafaela,Anderson,Paucek  Grady and Klein,208
product,Sincere,Madonna,Bauch,Torp  Gusikowski and Batz,209
product,Sherwood,Ronaldo,Turner,Lebsack  Carter and Olson,210
product,Lavon,Elaina,Shanahan,Padberg  Jakubowski and Purdy,211
product,Aiden,Camryn,Brown,Huels  Jast and Hansen,212
product,Laverna,Raina,Sawayn,Jakubowski - Friesen,213
product,Monte,Ophelia,Armstrong,Carroll  Maggio and Thiel,214
product,Mabel,Rupert,Waters,Dickinson Inc,215
product,Elissa,Katelyn,Glover,Hoeger - Zboncak,216
product,Magali,Gino,Schaefer,Rempel  Howe and Kohler,217
product,Idell,Leila,Beier,Balistreri - Rolfson,218
product,Lionel,Raven,Huel,Gleichner - Lubowitz,219
product,Clint,Zelda,Ondricka,Ziemann  Ziemann and Reinger,220
product,Paxton,Aryanna,Nolan,Purdy  Feil and Murray,221
product,Jo,Mekhi,Feil,Nolan and Sons,222
product,Javon,Hester,Wisoky,Schaden - Lang,223
product,Makenzie,Louvenia,Yost,Bosco  Green and Wiza,224
product,Brooke,Rhiannon,O'Reilly,Ebert - Collins,225
product,Jena,Dewayne,Hane,Hirthe - Langosh,226
product,Korbin,Broderick,Murray,Homenick - Wilkinson,227
product,Lennie,Brody,Witting,Ryan LLC,228
product,Blanche,Delbert,Hyatt,Zieme and Sons,229
product,Lamont,Jenifer,Deckow,Ratke - Auer,230
product,Gerardo,Aylin,Crist,Cummerata LLC,231
product,Bonnie,Denis,Fritsch,Feil  Wintheiser and Wehner,232
product,Hellen,Elody,Hoeger,Shields - Kautzer,233
product,Agustina,Quinn,Metz,Runolfsson and Sons,234
product,Ron,Ressie,Hayes,Zemlak - Wisoky,235
product,Janis,Trent,Mills,Fadel - Stracke,236
product,Florence,Helena,Quigley,Sporer  Schmidt and Hammes,237
product,Liza,Neha,Waelchi,Wuckert  Schamberger and Lindgren,238
product,Karianne,Mason,Rempel,Boyer - Pouros,239
product,Amie,Conrad,Witting,Christiansen  Schiller and Tromp,240
product,Daija,Durward,Daniel,Shanahan LLC,241
product,Van,Lourdes,Moen,Morissette  Tromp and Kris,242
product,Aubree,Eladio,Erdman,Gulgowski - Shields,243
product,Shane,Braxton,Kautzer,Schiller  Bauch and Rice,244
product,Florence,Pink,Zboncak,Veum  Harber and Turcotte,245
product,Addie,Friedrich,Crist,Kohler LLC,246
product,Eloisa,Americo,Ruecker,Koepp  Smith and Vandervort,247
product,Halle,Marcia,Cartwright,Wintheiser  Muller and Schinner,248
product,Imelda,Linnie,Swift,Kessler  Rolfson and Bashirian,249
product,Myah,Tito,Bayer,Hudson LLC,250
product,Idell,Beryl,Reinger,Johnson  Terry and Grimes,251
product,Garnet,Ruthie,Herzog,Ruecker - McCullough,252
product,Anderson,Alexandro,Howell,Reilly - Smitham,253
product,Myriam,Bud,Toy,Hermann  Collier and Ortiz,254
product,Cassie,Brice,Mueller,Wilkinson Inc,255
product,Eldridge,Shaniya,Harvey,Legros - Casper,256
product,Dayton,Norwood,Bogan,Botsford Group,257
product,Faustino,Jany,Schuster,Crooks  Metz and Miller,258
product,Laron,Cierra,Schaden,Kirlin - Hane,259
product,Milford,Wiley,Bauch,Heathcote  Brown and Waters,260
product,Janelle,Elouise,Hills,Fay LLC,261
product,Raymundo,Chanelle,Lebsack,Schmitt  Goyette and McLaughlin,262
product,Vita,Grayce,Klocko,Price  Bartell and Rau,263
product,Joanne,Jamir,Marvin,Gusikowski Group,264
product,Serena,Lloyd,Kessler,Pfeffer Inc,265
product,Erich,Robert,Auer,Pfeffer LLC,266
product,Shany,Yolanda,O'Connell,Klocko  Cruickshank and Strosin,267
product,Kamryn,Reanna,Lowe,Bednar Group,268
product,Dakota,Karley,Mueller,Padberg - Lueilwitz,269
product,Candelario,Colton,Klocko,Frami - Hammes,270
product,Cedrick,Bradly,Bruen,Watsica  Lemke and Hegmann,271
product,Xavier,Terrance,Welch,Okuneva - McDermott,272
product,Theresa,Elinore,Bartell,Anderson  Lakin and Gleichner,273
product,Dejuan,Nathan,Howe,Hyatt - Trantow,274
product,Julianne,Alanna,Sipes,Johns Inc,275
product,Lance,Imogene,Osinski,Lehner  Koch and Bode,276
product,Pattie,Jamar,Littel,Feeney - Wisozk,277
product,Mohamed,Maryam,Lynch,Harber and Sons,278
product,Bernard,Lisette,Corkery,Lubowitz Group,279
product,Miles,Emilie,Zieme,Brown - Dicki,280
product,Eric,Abbigail,Rutherford,Haag  Schmeler and Kiehn,281
product,Kaycee,Ottilie,Zemlak,Schoen - McClure,282
product,Olen,Aileen,Beatty,Kihn - Herzog,283
product,Bertram,Maudie,Wehner,Marquardt - Carter,284
product,Layne,Aglae,Ankunding,Herman  Rutherford and Durgan,285
product,Loy,Lavada,Orn,Rempel - Trantow,286
product,Chris,Mazie,Hintz,Langosh - Weber,287
product,Enos,Simone,Bartoletti,Labadie  Kuhlman and Conn,288
product,Rodrigo,Maci,Mueller,Grant  Gleichner and Hudson,289
product,Noemi,Felicity,Weimann,Lang  White and Osinski,290
product,Nannie,Matteo,Welch,Bins  Daniel and Runolfsdottir,291
product,Leora,Vergie,Kovacek,Gottlieb Group,292
product,Catalina,Will,Howell,Hilll  Corkery and Sauer,293
product,Lauretta,Brandt,Schoen,Rolfson - Greenfelder,294
product,Elsa,Eldora,Shields,Morissette LLC,295
product,Jordan,Richie,Tillman,Roberts Group,296
product,Andreanne,Kathryn,Schowalter,Pouros and Sons,297
product,Luigi,Luigi,Champlin,King  Kihn and Murray,298
product,Richard,Erik,Wuckert,Moen - Larkin,299
product,Jasper,Cynthia,Russel,Morissette - Hoppe,300
product,Concepcion,Lourdes,Hyatt,Nitzsche  Feil and Stoltenberg,301
product,Georgiana,Kian,McKenzie,Vandervort - Hettinger,302
product,Federico,Orion,Feeney,Denesik  Hoeger and Koelpin,303
product,Gudrun,Kristofer,Roob,Murazik - McCullough,304
product,Jack,Daryl,Heidenreich,Weber  Schmeler and Kohler,305
product,Bethany,Mathew,Pouros,Feest Group,306
product,Reynold,Lucy,Cummings,Langworth - Schaden,307
product,Brown,Kaela,Mayer,Boehm - Jerde,308
product,Celine,Jammie,Graham,Schmitt Inc,309
product,Marquis,Elizabeth,Feil,Weissnat Group,310
product,Maximillia,Ike,Lubowitz,Yost  Willms and Heaney,311
product,Vito,Delphia,Brekke,Leffler  Casper and Effertz,312
product,Guido,Danielle,Wehner,Harber - Bashirian,313
product,Gail,Irma,Terry,Rempel - Langworth,314
product,Junior,Edmund,Lang,Deckow  Weissnat and MacGyver,315
product,Julie,Brody,Pfeffer,Cormier  Strosin and Wolff,316
product,Jude,Jodie,Green,Wiza LLC,317
product,Rene,Aurelie,Renner,Shanahan  Predovic and Schultz,318
product,Fernando,Nicholaus,Wolf,Schuppe  McCullough and Emard,319
product,Camille,Rickie,Zemlak,Franecki  Casper and Pacocha,320
product,Davion,Kara,Hahn,Leffler Group,321
product,Carolina,Lisette,Lakin,Wiegand Inc,322
product,Raleigh,King,Abshire,Huel  Weimann and Boyer,323
product,Rylee,Jamison,Deckow,Kuhic  Ryan and Padberg,324
product,Axel,Ruthe,Smitham,Schinner - Turcotte,325
product,Emmalee,Shana,Barrows,Rath Group,326
product,Damaris,Kole,Stokes,Little  Cronin and Tremblay,327
product,Sean,Jonathon,Moore,Shanahan - Upton,328
product,Sydney,Sofia,Kessler,Sawayn - Cummerata,329
product,Selena,Lue,Predovic,Willms Group,330
product,Nona,Adele,Pollich,Conroy  Hammes and Wehner,331
product,Nella,Kurtis,Heaney,Stoltenberg - Baumbach,332
product,Easter,Robb,Kirlin,Lang Inc,333
product,Idella,Mitchell,Batz,Brakus - Fritsch,334
product,Isaiah,Stone,Block,Murphy  VonRueden and Schimmel,335
product,Clay,Javier,McCullough,Pfannerstill and Sons,336
product,Nikki,Verdie,Tremblay,Kuhn and Sons,337
product,Caroline,Forrest,Schmitt,Lang  Gulgowski and Greenfelder,338
product,Nyah,Ezequiel,Hintz,Reilly - Stoltenberg,339
product,Johann,Walker,Monahan,Fisher  Wintheiser and Flatley,340
product,Mylene,Josiane,Tromp,Oberbrunner  Veum and Herman,341
product,Anika,Isadore,Franecki,Parker  Jacobi and Stark,342
product,Amir,Graciela,Turcotte,Welch Group,343
product,Orville,Ali,Mosciski,Paucek - Davis,344
product,Sven,Nayeli,Purdy,Huel Inc,345
product,Fatima,Damon,Marquardt,Fadel and Sons,346
product,Sean,Tyrese,Blick,Rau  Swaniawski and Larkin,347
product,Jedidiah,Julianne,Kautzer,Swaniawski  Wolff and Kiehn,348
product,Jessyca,Aric,Raynor,Little  Mayer and Leannon,349
product,Gaetano,Orpha,Rippin,Keebler - Murphy,350
product,Clement,Pietro,O'Keefe,Jaskolski  Jerde and Mayert,351
product,Rylan,Krystel,Wilkinson,Lueilwitz - Corkery,352
product,Ladarius,Johanna,Bergstrom,Cartwright Inc,353
product,Lelia,Judah,Towne,Stoltenberg  Nicolas and Kulas,354
product,Ronny,Brody,Marquardt,Harber  Cremin and Fadel,355
product,Maximus,Brenna,Bechtelar,Hettinger Inc,356
product,Veronica,Willard,Glover,Treutel  Rau and Murazik,357
product,Alden,Mathias,Orn,Walsh Inc,358
product,Celestine,Patricia,Hagenes,Kertzmann and Sons,359
product,Whitney,Brady,Bins,Larson  Waelchi and Larson,360
product,Kiarra,Adelbert,Pacocha,Gutkowski - Treutel,361
product,Lucinda,Rocky,Hamill,Wunsch - McKenzie,362
product,Tania,Marietta,Quigley,Hagenes  Gorczany and Durgan,363
product,Jazmyne,Harrison,Eichmann,Hoeger - Skiles,364
product,Caterina,Abby,Sanford,Casper - Dickinson,365
product,Makenzie,Vladimir,Romaguera,Conroy  Lemke and Turcotte,366
product,Joan,Anjali,Quitzon,Senger and Sons,367
product,Kendall,Jamil,Auer,Ritchie  Thiel and Stracke,368
product,Fletcher,Ana,Collins,Cassin  Harber and Beier,369
product,Taylor,Enola,Weissnat,Barrows  Zulauf and Heaney,370
product,Ceasar,Savion,Treutel,Wisozk - Kirlin,371
product,Ernestina,Reilly,Rogahn,Grady  Braun and Sanford,372
product,Lessie,Karli,Powlowski,Padberg Group,373
product,Lamar,Bertrand,Moore,Tromp - Leuschke,374
product,Bartholome,German,Gottlieb,Kerluke  Russel and Toy,375
product,Enola,Philip,Kiehn,Medhurst and Sons,376
product,Fausto,Ned,Runolfsdottir,Tillman  O'Conner and Emard,377
product,Kaelyn,Sibyl,Kiehn,Aufderhar  Treutel and Rau,378
product,Billie,Collin,Ledner,Rippin - Koepp,379
product,Aurelie,Royal,Leuschke,Bergnaum - Stanton,380
product,Michelle,Kiara,Buckridge,Johnston - Schaden,381
product,Paolo,Jordyn,Rohan,Bashirian LLC,382
product,Ludie,Else,Schulist,Adams Group,383
product,Destin,Clementine,Bartell,Stiedemann - Heathcote,384
product,Dillon,Royce,Kerluke,Medhurst - Jast,385
product,Maxine,Louvenia,Olson,Hessel LLC,386
product,Glenda,Jedidiah,Welch,Wyman and Sons,387
product,Raegan,Jesse,Waters,Dickinson - Goyette,388
product,Dee,Lue,Boyer,Glover  Simonis and Spinka,389
product,Elliott,Anita,Adams,Morar LLC,390
product,Bonnie,Tyson,Graham,Breitenberg - Pagac,391
product,Dagmar,Justus,Kuphal,Bosco  Welch and Frami,392
product,Aletha,Lemuel,Brakus,Abbott - Cremin,393
product,Anabel,Charlotte,Wehner,Sauer and Sons,394
product,April,Rosetta,Hegmann,Walsh  Boyle and Moen,395
product,Chad,Brandon,McClure,Waelchi - Carroll,396
product,Aaliyah,Elbert,Cremin,Aufderhar Inc,397
product,Myrtice,Arjun,Stanton,Hegmann Group,398
product,Madge,Modesto,Toy,Hyatt  Nolan and Krajcik,399
product,Kallie,Deshawn,Lebsack,Reinger - Walter,400
product,Nadia,Vincent,Johnston,Bins Inc,401
product,Hettie,Sandra,Reichel,Mills  Wunsch and Thiel,402
product,Denis,Mayra,Kovacek,Bauch LLC,403
product,Lucinda,Shakira,Kautzer,Leannon Group,404
product,Chad,Daniella,Kautzer,McLaughlin LLC,405
product,Simeon,Tatyana,Kling,Breitenberg - Emmerich,406
product,Leland,Astrid,Keebler,Mills  Fritsch and Hansen,407
product,Rodolfo,Edgardo,Medhurst,Altenwerth Group,408
product,Neil,Kitty,D'Amore,Roob  Nader and Maggio,409
product,Enrico,Nicolette,Dicki,Miller - Johnson,410
product,Kip,Lonny,Luettgen,Ondricka - Romaguera,411
product,Jacinthe,Maribel,Hodkiewicz,Powlowski LLC,412
product,Jerry,Pattie,Stark,Stracke Inc,413
product,Kaela,Dena,Kshlerin,Bogan - Fritsch,414
product,Tyrel,Ena,Davis,Quigley and Sons,415
product,Rachel,Peter,Langworth,Sanford Group,416
product,Lexus,Valentine,Rogahn,Stokes - Kshlerin,417
product,Vivien,Fiona,Bradtke,Schmeler  Kunze and Glover,418
product,Braeden,Lisandro,Harvey,Anderson  Conroy and Baumbach,419
product,Gisselle,Rachelle,Hudson,Jaskolski - Jacobi,420
product,Mable,Ray,Mitchell,Welch Group,421
product,Lauryn,Ariane,Schiller,Mante - Torphy,422
product,Cale,Quinn,Legros,Pagac - Stoltenberg,423
product,Kendrick,Jeff,Halvorson,Lind  Deckow and Davis,424
product,Jamal,Myrna,Bailey,Marquardt and Sons,425
product,Aylin,Joanne,Smitham,Ritchie  Schmitt and Hayes,426
product,Dorian,Laney,Crooks,Hilll - Hessel,427
product,Victoria,Amy,McKenzie,Yost LLC,428
product,Keshawn,Fredy,Lubowitz,Gulgowski - Howe,429
product,Erich,Alexandro,Jaskolski,Swaniawski  Thiel and Mertz,430
product,Skylar,Ross,Nikolaus,Mann Inc,431
product,Brady,Jeremie,Mraz,Veum  Abernathy and Bahringer,432
product,Dana,Marlin,Zemlak,Dach LLC,433
product,Armani,Elisabeth,Kunze,Klein  Wolff and Torp,434
product,Shana,Maxwell,Cronin,Schuster Inc,435
product,Britney,Delphia,Klocko,O'Connell - Schulist,436
product,Jonathan,Paxton,Nicolas,Schneider - Haag,437
product,Abbigail,Tressa,Torphy,Flatley - Daniel,438
product,Quinn,Vinnie,Weissnat,Cole  Abbott and Marquardt,439
product,Glenda,Pamela,Bashirian,Kertzmann  Lynch and Bauch,440
product,Nicola,Alice,Prohaska,Oberbrunner  Kilback and DuBuque,441
product,Myles,Moises,Hagenes,Konopelski  Glover and Lang,442
product,Queenie,Abbey,Doyle,Hane - Ankunding,443
product,Shad,Ilene,Gulgowski,Daniel  Mertz and Barton,444
product,Ardith,Sofia,Prohaska,Brekke - Wehner,445
product,Marques,Addison,Dare,Hyatt - Price,446
product,Julius,Brook,Jerde,Cormier  Cremin and Fisher,447
product,Asa,Octavia,Bartoletti,O'Hara LLC,448
product,Evan,Anastacio,Thompson,Stark and Sons,449
product,Devin,Christa,Wuckert,Murray  Greenholt and Goyette,450
product,Margie,Nyah,Boehm,Doyle - Zboncak,451
product,Tyler,Adah,Murazik,Jaskolski - Osinski,452
product,Karley,Keven,Rodriguez,Keeling and Sons,453
product,Kelsi,Marcelle,Flatley,Bernier Inc,454
product,Audie,Benton,Kiehn,Sporer  Lakin and Runte,455
product,Alanis,Dandre,Emmerich,Zemlak Group,456
product,Olaf,Malika,Spencer,Legros  Roberts and Gusikowski,457
product,Rodolfo,Royce,Swaniawski,Schmidt - Powlowski,458
product,Benton,Alfonso,Conroy,Sipes - Bradtke,459
product,Herminio,Morton,Goldner,Hegmann  Smitham and Quigley,460
product,Curtis,Gerald,Boyer,Berge Group,461
product,Lenore,Charlene,Jerde,Ritchie LLC,462
product,Kaelyn,Margaret,Gutkowski,DuBuque - Heidenreich,463
product,Zackary,Audrey,Kris,Becker  Hodkiewicz and Gaylord,464
product,Berta,Nannie,Bergstrom,Satterfield  Anderson and Blick,465
product,Daryl,Eloisa,Collier,Dickens  Gleichner and Fadel,466
product,Jedediah,Hilda,Rempel,Beahan - Mohr,467
product,Meredith,Pietro,Murray,Bernier - Price,468
product,Annamarie,Corbin,King,Emmerich - Klocko,469
product,Davonte,Margaret,McKenzie,Reinger  Rolfson and Kirlin,470
product,Edmond,Russ,Zieme,Ullrich - Cummerata,471
product,Jackie,Madelyn,Ferry,Stracke  Kuvalis and Brakus,472
product,Ashly,Katrine,Kertzmann,Adams  Thiel and Lind,473
product,Brandy,Calista,Waelchi,Osinski - Feil,474
product,Ardella,Beverly,Bergnaum,Hudson Group,475
product,Felicia,Antonina,Lindgren,Prohaska LLC,476
product,Georgianna,Pauline,Kohler,Stoltenberg  Quitzon and Grimes,477
product,Osborne,Charley,Stroman,Wuckert Inc,478
product,Corine,Abdiel,Hills,Lemke - Ritchie,479
product,Percy,Vita,Morar,Dicki - Satterfield,480
product,Madelynn,Cyrus,Botsford,Bogisich  Lueilwitz and Schuster,481
product,Tyshawn,Armando,Beier,Kling  Feest and Bergnaum,482
product,Mitchell,Brayan,Bednar,Nader and Sons,483
product,Emmanuelle,Genevieve,Beer,Greenholt Group,484
product,Brandy,May,Simonis,Heathcote  Klocko and Hickle,485
product,Fletcher,Lexi,Beahan,Wehner LLC,486
product,Jo,Abigayle,Glover,Feil and Sons,487
product,Carolina,Giovani,Kovacek,Beahan  Klein and Ullrich,488
product,Dorothea,Chance,Gutkowski,Marvin - Reichert,489
product,Mina,Karolann,Muller,Turcotte - Roob,490
product,Hulda,Tanner,King,Schumm  Hilll and Windler,491
product,Bonita,Layla,Kunze,MacGyver - Ruecker,492
product,Branson,Queenie,Cormier,Swift  Dibbert and Larkin,493
product,Pinkie,Carey,Weissnat,Heathcote - Shanahan,494
product,Marcia,Irma,Douglas,Murazik - Medhurst,495
product,Elda,Earnest,Vandervort,Jerde and Sons,496
product,Vella,Destiney,King,Douglas LLC,497
product,Rocio,Aurelie,Satterfield,Beahan - Rohan,498
product,Alyce,Diego,Hettinger,Cartwright LLC,499
product,Dayne,Brooks,Kiehn,Dibbert Group,500
product,Sidney,Stephen,Bartoletti,Graham - Howell,501
product,Christ,Margarett,Greenfelder,Jacobson - Bauch,502
product,Quincy,Izaiah,Morissette,Conroy  Cremin and Runolfsdottir,503
product,Monserrate,Efrain,McGlynn,Kilback - Lowe,504
product,Clara,Kody,Wunsch,Morar  Stroman and Abernathy,505
product,Mabel,Dewitt,Bauch,Gleichner Inc,506
product,Julianne,Selina,Bartoletti,Kuvalis and Sons,507
product,Mckenzie,Valentin,Johnston,Yost - Bogisich,508
product,Rae,Denis,O'Kon,Medhurst and Sons,509
product,Kobe,Estevan,Nienow,Kulas and Sons,510
product,Magdalena,Breanna,Mann,Gerlach Inc,511
product,Javon,Frank,Batz,Kilback Inc,512
product,Roslyn,Nella,Ernser,Runolfsson  Jakubowski and Abernathy,513
product,Rebecca,Cecelia,Hoeger,Schumm LLC,514
product,Lily,Daron,Robel,Walter LLC,515
product,Vita,Malachi,Gutkowski,Langworth  O'Kon and Hills,516
product,Laurine,Maxie,Brakus,Kohler - Okuneva,517
product,Karen,Haskell,White,Ruecker - Conroy,518
product,Dejah,Shane,Hudson,Ritchie Group,519
product,Eudora,Moshe,Swaniawski,Murray  Hansen and Green,520
product,Anastacio,Felipe,Zieme,Prohaska - Hauck,521
product,Aron,Grayce,Bode,Lindgren - Lowe,522
product,Ladarius,Eugenia,Satterfield,Pfannerstill  Abbott and Torphy,523
product,Marlee,Ethel,Hessel,Moore  Lemke and Robel,524
product,Connor,Tyra,Fahey,Hermiston - Rohan,525
product,Aniya,Mikel,Bode,Dibbert - Renner,526
product,Dale,Sigmund,Johnston,Balistreri and Sons,527
product,Jannie,Taryn,Mohr,Bradtke - Frami,528
product,Torey,Marta,Bashirian,Koch - Beier,529
product,Roma,Roderick,Jacobi,Leffler - Purdy,530
product,Devyn,Ivy,Frami,Green  Grant and Quitzon,531
product,Lera,Veda,Upton,Wilkinson and Sons,532
product,Saige,Grayce,Borer,Hammes LLC,533
product,Garnett,Kellen,Huels,Osinski  Stoltenberg and Carroll,534
product,Melissa,Santa,Schimmel,Schaden - Little,535
product,Lon,Roel,Batz,Metz - Aufderhar,536
product,Pietro,Florian,Johns,Krajcik LLC,537
product,Julia,Adalberto,Leannon,Hickle - Jones,538
product,Barry,Morgan,Upton,Glover  Jacobi and Beahan,539
product,Jacquelyn,Marion,Runolfsson,Hackett  Bode and Gleason,540
product,Mertie,Terence,Gutkowski,Cronin Inc,541
product,Mason,Karl,Daugherty,Anderson - Schamberger,542
product,Mary,Kelvin,Carroll,Reynolds - Waelchi,543
product,Emmalee,Randi,Grant,Kassulke - Gleason,544
product,Nellie,Golda,O'Connell,Fisher LLC,545
product,Mozelle,Nicholas,Fisher,Corwin - Deckow,546
product,Reva,Jerrell,Hayes,Roberts - Murray,547
product,Dejuan,Gerry,Wiza,Prohaska - Gottlieb,548
product,Lilyan,Brenden,Mosciski,Fahey - Roberts,549
product,Scarlett,Genevieve,Halvorson,Upton Group,550
product,Brant,Jazmyn,Schaden,White - Welch,551
product,Jessica,Stanley,D'Amore,Grant  Pouros and Ritchie,552
product,Delpha,Burley,Kautzer,Abshire  Greenfelder and Kuphal,553
product,Jaquelin,Adrian,Weber,Jakubowski - Sanford,554
product,Britney,Maegan,DuBuque,Heller LLC,555
product,Lavern,Bonita,Wisoky,Christiansen  Schulist and Daugherty,556
product,Jermey,Orval,Goyette,Bayer  Donnelly and Emard,557
product,Ramona,Gregoria,Nikolaus,Abbott LLC,558
product,Leonel,Kayli,Langosh,Kreiger Inc,559
product,Emely,Royal,Lynch,Bode  Rempel and Mann,560
product,Rylee,Hosea,Leffler,Shields and Sons,561
product,Michale,Alva,Adams,VonRueden  Krajcik and Vandervort,562
product,Aylin,Ottilie,Zboncak,Kulas  Herman and Sipes,563
product,Ewald,Nakia,Nitzsche,Altenwerth Inc,564
product,Eladio,Kris,Graham,Osinski  Mann and Walker,565
product,Nettie,Alexandrine,Purdy,Denesik - Sauer,566
product,Della,Cheyanne,Torp,Dooley Inc,567
product,Manuela,Elmo,Beer,Streich LLC,568
product,Valerie,Orlo,Dare,Schaefer  Bednar and Bins,569
product,Ernestine,Christopher,Ernser,Blanda  Collins and Ryan,570
product,Angeline,Carole,Mueller,Dietrich and Sons,571
product,Elouise,Maurine,Grant,Pollich - Hermiston,572
product,Curtis,Anderson,Thompson,O'Hara - Kertzmann,573
product,Sydney,Malvina,Hintz,Eichmann  Renner and Abbott,574
product,Adrianna,Cora,McClure,Jenkins - Kuphal,575
product,Cleora,Tracy,Gerhold,Jacobi - Simonis,576
product,Lloyd,Erika,Ruecker,Murazik - Gaylord,577
product,Stanton,Sedrick,Shanahan,Wilderman Group,578
product,Phyllis,Leatha,Ernser,Stark  Quigley and Armstrong,579
product,Al,Zoie,DuBuque,Sauer  Hodkiewicz and Monahan,580
product,Tamara,Isobel,McLaughlin,Stamm LLC,581
product,Adelle,Zion,Hintz,Volkman - Vandervort,582
product,Wayne,Omari,Yost,Goldner - Weimann,583
product,Bulah,Mckenzie,Barrows,Simonis Inc,584
product,Lazaro,Elyse,Kozey,McGlynn  Fisher and Treutel,585
product,Okey,Bryon,Romaguera,Monahan Group,586
product,Kavon,Valentin,Nienow,Mayert - Kessler,587
product,Dixie,Kendall,Roob,Balistreri  Bechtelar and Reichert,588
product,Mattie,Christy,Barrows,Kuvalis  Spencer and Dicki,589
product,Ed,Frederique,Zulauf,Bayer LLC,590
product,Rosie,Dallin,Wiegand,Rippin  Satterfield and Streich,591
product,Clementine,Ethelyn,Crooks,Armstrong - Carter,592
product,Kailey,Iva,Botsford,Nolan - Smitham,593
product,Leon,Ozella,Cartwright,Boehm  Balistreri and Kub,594
product,Juliana,Reanna,Lindgren,Schuppe  Howe and Shanahan,595
product,Aliya,Emil,Miller,Walsh Inc,596
product,Greta,Albin,Sanford,Glover  Wyman and Gerlach,597
product,Miguel,Kane,Schaefer,Wilderman - Macejkovic,598
product,Gladyce,Gerardo,Friesen,Larson - Ondricka,599
product,Yadira,Jody,Heathcote,Torphy - Hudson,600
product,Gabriella,Monroe,Anderson,Bednar Inc,601
product,Nova,Patrick,Moore,Greenholt  Wisozk and Will,602
product,Bryon,Reese,Simonis,Goodwin - Connelly,603
product,Rodger,Maritza,Bogan,Hackett  Heidenreich and Gislason,604
product,Vida,Brandt,Dicki,Adams  Gleason and Hickle,605
product,Isabelle,Jed,Prosacco,Ruecker - Heller,606
product,Katelin,Kane,Hirthe,Bins - Bode,607
product,Cory,Dillan,Steuber,Wilkinson  Kreiger and Mueller,608
product,Hosea,Molly,Ferry,Reichel  Oberbrunner and Larkin,609
product,Clifton,Ashlynn,Lemke,Nader - Abbott,610
product,Gilberto,Jaiden,Feeney,Mayer - Abernathy,611
product,Jerad,Eve,Kreiger,Murray Group,612
product,Anya,Woodrow,Flatley,Ondricka Group,613
product,Albert,Madalyn,Langosh,Stracke - Reilly,614
product,Jayde,Deontae,Langosh,Weissnat  West and Reilly,615
product,Elva,Hiram,Bergstrom,Pollich - Schroeder,616
product,Buck,Ebba,Batz,Kuhic and Sons,617
product,Kobe,Carlie,Grant,Senger - MacGyver,618
product,Lee,Odell,Funk,Marquardt  Anderson and Gibson,619
product,Norbert,Eldon,Greenfelder,Sauer - Luettgen,620
product,Dolores,Chyna,Cruickshank,Parisian Inc,621
product,Lelah,Isabelle,Ebert,Koch and Sons,622
product,Horacio,Lamont,Powlowski,Hessel  Wuckert and Legros,623
product,Viviane,Evans,West,Gutmann Group,624
product,Marjorie,Laila,Parker,Bashirian and Sons,625
product,Granville,Deven,Hilll,Jerde and Sons,626
product,Isabell,Isabell,Feest,Skiles  Deckow and Witting,627
product,Annabel,Lyda,Jast,Breitenberg Inc,628
product,Jettie,Layla,Gorczany,Wehner LLC,629
product,Furman,Amos,Greenholt,Russel - Beatty,630
product,Coralie,Mikayla,Rempel,Hilll - Davis,631
product,Ayana,Ulices,Leuschke,Hammes - Bechtelar,632
product,Charlene,Katelynn,Graham,Roob Inc,633
product,Keira,Novella,Roberts,Pfannerstill - Spinka,634
product,Al,Madisen,Osinski,Hane - Rodriguez,635
product,Curtis,D'angelo,Kreiger,Simonis  Schultz and Kovacek,636
product,Marilyne,Della,Effertz,Mertz - Frami,637
product,Liza,Catherine,Carter,Swift - Block,638
product,Bill,Alf,Roob,Osinski - Hauck,639
product,Trycia,Jammie,Ernser,Christiansen  Labadie and Koss,640
product,Alvera,Annette,Weimann,Wolf Inc,641
product,Renee,Donnell,Howe,Greenholt Inc,642
product,Orlando,Sid,Murray,Blick - Lemke,643
product,Alanna,Rogelio,Hackett,Macejkovic  Kshlerin and Connelly,644
product,Sallie,Alford,Hoeger,Herman  Purdy and Auer,645
product,Shanelle,Nola,Cormier,Pollich  Conn and Jacobi,646
product,Marisol,Randi,Beahan,Simonis  Adams and Buckridge,647
product,Felipe,Tamara,Lowe,Lebsack - Cartwright,648
product,Taryn,Gene,Becker,Abbott  Armstrong and McLaughlin,649
product,Kendrick,Niko,Quitzon,Lesch and Sons,650
product,Garfield,Cassidy,Barton,Herzog - Schinner,651
product,Zoila,Colin,Weber,Sanford LLC,652
product,Ada,Matilda,Beer,Stark  Dach and Hansen,653
product,Sven,Luz,Johns,Tillman - Haley,654
product,Theresa,Adelbert,Pfeffer,Baumbach  Medhurst and Rolfson,655
product,Alta,Freeda,Hoppe,Wiegand Group,656
product,Prudence,Sharon,Jenkins,Kilback Inc,657
product,Eldon,Wiley,Bernier,Conn LLC,658
product,Okey,Marlene,Vandervort,Muller  Barrows and Treutel,659
product,Lesly,Joanny,Zieme,Wolf  Morissette and Rutherford,660
product,Marcella,Stanton,Becker,Kiehn - Herzog,661
product,Myrtis,Daphney,Leffler,Windler - Weimann,662
product,Berry,Kylie,Wuckert,Mante - Nikolaus,663
product,Keara,Jamil,Homenick,Sawayn  Gusikowski and Carroll,664
product,Emmitt,Kelton,Leannon,Gutmann  Spinka and Christiansen,665
product,Camilla,Else,Murphy,Olson - Bechtelar,666
product,Durward,Hazle,Hermann,Becker Inc,667
product,Madeline,Jewell,Mills,Shields - Hettinger,668
product,Geovanni,Janice,McClure,Vandervort  Gibson and Block,669
product,Lauretta,Helga,Hessel,Kassulke - Schiller,670
product,Desmond,Mariane,Kshlerin,Davis Group,671
product,Earnest,Izaiah,Schoen,Keeling  Reichert and Roob,672
product,Corine,Demetrius,Moore,Gottlieb and Sons,673
product,Anne,Alek,Turcotte,Steuber - Yundt,674
product,Judah,Chanel,Wehner,Rolfson - Cormier,675
product,America,Fredy,Gutmann,Kris - Bahringer,676
product,Beverly,Jany,Kozey,Jerde  Reilly and Beahan,677
product,Nicola,Lavina,Stehr,Shanahan - Hartmann,678
product,Brad,Destiney,Kunze,Littel  Altenwerth and Collins,679
product,Jakob,Mazie,Langosh,Bosco - Beatty,680
product,Ally,Florida,Kshlerin,Russel - Shanahan,681
product,Kimberly,Keon,Satterfield,Ledner  Spencer and Lubowitz,682
product,Denis,Maximus,Blick,Morissette Group,683
product,Carolanne,Randall,Gulgowski,Howe - Bartoletti,684
product,Yesenia,Sandy,Effertz,Shields - Pfeffer,685
product,Eino,Cyrus,Wintheiser,Keebler  Senger and Deckow,686
product,Coy,Kareem,Rath,Rath - Casper,687
product,Daija,Cindy,Cassin,Ferry LLC,688
product,Haskell,Jacinto,Swift,Weissnat Inc,689
product,Reyes,Elliot,Mertz,Crist  Harris and Stehr,690
product,Helmer,Erna,Greenholt,Lowe - Jaskolski,691
product,Tina,Orion,Wilderman,Goodwin  Quitzon and Lebsack,692
product,Lempi,Aisha,Wintheiser,Sporer - Hettinger,693
product,Marcelle,Retta,Kuhn,Hodkiewicz - Feil,694
product,Melisa,Adriel,Nitzsche,Kunze Group,695
product,Kobe,Alize,McClure,Parisian LLC,696
product,Lilyan,Hollis,Champlin,Denesik and Sons,697
product,Ressie,Greg,Haley,Zieme Inc,698
product,Jayden,Fiona,Homenick,Abshire LLC,699
product,Aletha,Leland,Windler,Purdy  O'Hara and Sipes,700
product,Garland,Dimitri,Bosco,Reilly Inc,701
product,Vincenza,Emiliano,Grant,Kemmer - Waters,702
product,Aiden,Deven,MacGyver,Keeling Inc,703
product,Zelda,Alec,Larson,Trantow  Ward and Oberbrunner,704
product,Marietta,Arne,Erdman,Runte - Ullrich,705
product,Daphney,Myrtie,Bartell,Wisoky - O'Reilly,706
product,Genevieve,Eden,Larkin,Boyle - Auer,707
product,Hans,Kylee,Zemlak,Jacobi  Cormier and Zieme,708
product,Maria,Hipolito,Gutkowski,West - Dibbert,709
product,Cayla,Deborah,Beer,Doyle LLC,710
product,Angeline,Sherwood,Mueller,Morissette Group,711
product,Ezra,Vince,Wehner,Brakus  Klocko and Oberbrunner,712
product,Geovanni,Mack,Miller,Gibson - Herzog,713
product,Cleta,Telly,Becker,Metz - Dickinson,714
product,Merlin,Duncan,Yundt,Senger  Jerde and Ernser,715
product,Dario,Aliya,Bergnaum,Fadel - Funk,716
product,Imogene,Tyrique,Spencer,Halvorson - Emard,717
product,Harrison,Freddie,Spencer,Hammes LLC,718
product,Gay,Julian,Barton,Russel  Heller and Lehner,719
product,Jack,Estefania,Hessel,Quitzon - Roob,720
product,Francisca,Cecilia,O'Keefe,Ernser - Ernser,721
product,David,Alexzander,Thiel,Frami LLC,722
product,Jayde,Marco,Kreiger,Medhurst Inc,723
product,Rodrigo,Kiana,Spencer,Kulas - Wiza,724
product,Morgan,Sandrine,McKenzie,Kulas  Kessler and Bayer,725
product,Roma,Eileen,Fisher,Spencer and Sons,726
product,Camila,Franz,Blick,Pfannerstill  Eichmann and Spencer,727
product,Devante,Niko,Weimann,McDermott Group,728
product,Wendy,Mireille,Torphy,Hintz - Bauch,729
product,Rod,Elliot,Hammes,Littel - Hills,730
product,Ariane,Dennis,Kunde,Grimes - Friesen,731
product,Everardo,Domenica,Metz,Brown Group,732
product,Maurice,Margot,Ledner,Christiansen  Walker and Bednar,733
product,Logan,Reid,Bauch,Kozey Inc,734
product,Bruce,Ottilie,Pollich,Lynch - Swaniawski,735
product,Chelsey,Domenico,Rutherford,Steuber  Wolf and Wyman,736
product,Trinity,Marian,Koepp,Zulauf  Dach and Mills,737
product,Cecelia,Vince,Braun,Kuphal and Sons,738
product,Dulce,Susana,Rogahn,Denesik - Schuppe,739
product,Dameon,Alison,Powlowski,Stokes Inc,740
product,Maia,Kathlyn,Fritsch,Armstrong Inc,741
product,Noel,Elyse,Jakubowski,Feest Group,742
product,Ebba,Aidan,Padberg,Johnson and Sons,743
product,Adolfo,Lori,Conroy,Yost - Ledner,744
product,Miles,Stephanie,Mertz,Connelly  Kris and Schultz,745
product,Ottilie,Reta,Stamm,Lubowitz Group,746
product,Gardner,Nona,Koch,Bechtelar  Will and Nitzsche,747
product,Jennie,Mallie,Ondricka,Rodriguez and Sons,748
product,Marques,Hassie,Runte,Crona - Will,749
product,Korbin,Columbus,Reilly,Bailey - Marvin,750
product,Neva,Adah,O'Reilly,Ryan  Schumm and Kulas,751
product,Ruby,Lulu,Schaefer,Haley  Lehner and Johns,752
product,Kristin,Emanuel,Bechtelar,Keebler  Dietrich and Jacobs,753
product,Wayne,Modesta,McDermott,Cassin  Hartmann and Mann,754
product,Wyman,Yolanda,Mohr,Dare and Sons,755
product,Randi,Eino,Funk,Miller - Doyle,756
product,Daphney,Ted,Davis,Mertz  Ziemann and Boehm,757
product,Mackenzie,Margarett,Rippin,Reichel and Sons,758
product,Estrella,Tatum,Grimes,Boyle Group,759
product,Willow,Gilda,Gulgowski,Marks LLC,760
product,Dashawn,Gussie,Feil,Koch and Sons,761
product,Alexzander,Murray,Graham,McDermott Group,762
product,Isobel,Eliane,McGlynn,Pacocha - Schaefer,763
product,Hellen,Marjory,Upton,Grant  Hammes and Turner,764
product,Clifton,Blanca,O'Kon,Zulauf LLC,765
product,Wilber,Earline,Herzog,Hane - Rodriguez,766
product,Reese,Shanelle,Reichel,Oberbrunner  Auer and Daniel,767
product,Monique,Kayleigh,O'Kon,Boehm and Sons,768
product,Adrienne,Chelsea,Durgan,Pollich - Cassin,769
product,Nels,Ellie,Kunde,Tromp - Hilll,770
product,Alfred,Jalen,Gutkowski,Hudson  Walsh and Glover,771
product,Dante,Fausto,Carroll,Hauck Group,772
product,Daron,Creola,Jacobson,Roob - Buckridge,773
product,Rusty,Cale,Walsh,Gerlach Inc,774
product,Conor,Devyn,McDermott,Purdy  Roberts and Rice,775
product,Zora,Major,Stokes,Reinger LLC,776
product,Elta,Mervin,Macejkovic,Hickle Inc,777
product,Erika,Gwendolyn,Dach,Labadie  Gislason and Shanahan,778
product,Nella,Sabina,Feeney,Cronin Inc,779
product,Chase,Leonie,Lebsack,Cummings LLC,780
product,Kacey,Reina,VonRueden,Pfannerstill LLC,781
product,Rebeca,Jammie,Price,Feest Inc,782
product,Julianne,Rhea,Wyman,Rodriguez  Greenholt and Steuber,783
product,Jake,Rick,Reilly,Spinka  Ratke and Zboncak,784
product,Pete,Leanne,Bins,Klocko  Rath and Huel,785
product,Isaiah,Anissa,Hammes,Kuhlman Group,786
product,Alexys,Martine,Cormier,Hayes and Sons,787
product,Arturo,Deshaun,Moen,Yost  Halvorson and Senger,788
product,Kirsten,Laila,Prohaska,Terry Group,789
product,Lavon,Dorothy,Heaney,Schulist and Sons,790
product,Franz,Geovanni,Pollich,Schamberger  Raynor and Jones,791
product,Westley,Helene,Williamson,Jaskolski - Gleichner,792
product,Wilford,Cletus,Ankunding,Smith  Johnston and Wolff,793
product,Oceane,Kira,MacGyver,Koss  Vandervort and Wolf,794
product,Wilhelm,Sammie,Klein,Jerde  Crist and Skiles,795
product,Chloe,Giovanni,Cremin,Bosco Group,796
product,Genesis,Mozell,Considine,Schoen  Bins and Jenkins,797
product,Margarita,Davonte,Braun,Jast LLC,798
product,Doris,Elton,Christiansen,Emmerich - Fisher,799
product,Fritz,Norval,Padberg,Casper LLC,800
product,Rodger,Nat,Bailey,Hills Group,801
product,Al,Samir,Thompson,Sipes Group,802
product,Frida,Mikel,Funk,Deckow Group,803
product,Elliott,Neva,Quigley,Wehner - Hermann,804
product,Sienna,Clare,MacGyver,Tromp - Jaskolski,805
product,Eve,Angelita,Balistreri,Conroy  Lakin and Vandervort,806
product,Jayda,Reece,Swaniawski,Kris - Lubowitz,807
product,Lea,Lukas,Carter,Weissnat - Ratke,808
product,Terrell,Christelle,Hyatt,Conn and Sons,809
product,Cydney,Jaquan,Toy,Ullrich LLC,810
product,Abigail,Cathryn,Bayer,Lueilwitz - Feeney,811
product,Blaise,Petra,Aufderhar,Gleason Inc,812
product,Tanner,Valentin,Bailey,Rogahn - Daugherty,813
product,Norbert,Cecilia,Rutherford,Anderson LLC,814
product,Pete,Gregory,Marquardt,Cassin - Kub,815
product,Alda,Einar,Zieme,Sporer and Sons,816
product,Brice,Federico,Crona,Maggio Inc,817
product,Justine,Willie,Wolf,Berge - Eichmann,818
product,Reese,Meaghan,Sanford,Batz Inc,819
product,Ernestine,Pauline,Lesch,Gleason Group,820
product,Brionna,Davonte,Murray,Crooks - Nikolaus,821
product,Nellie,Marcus,Crooks,Bradtke - Bartell,822
product,Jaycee,Florida,Rosenbaum,Strosin - Becker,823
product,Samson,Christophe,Wisozk,Ryan  Wiza and Wehner,824
product,Moriah,Flavie,Johnson,Koss - Wuckert,825
product,Gretchen,Rolando,Schultz,Predovic - Jacobson,826
product,Cletus,Sigrid,Swaniawski,Murray - Johnson,827
product,Larissa,Cornelius,Mosciski,Hansen LLC,828
product,Gwen,Cassandre,Waters,Kunze  Kunze and Watsica,829
product,Katheryn,Danial,O'Connell,Mertz - Tromp,830
product,Sarah,Aubree,Denesik,Zieme Inc,831
product,Romaine,Kelley,Dietrich,Reichel  Mohr and Bins,832
product,Elliott,Michele,Gusikowski,Boyle - Corkery,833
product,Clark,Jada,Ondricka,Marquardt  Terry and Carter,834
product,Dale,Amir,Jenkins,Ondricka LLC,835
product,Charity,Cyril,Blick,Nicolas - Goyette,836
product,Nickolas,Evans,Windler,Collins  Johns and Stanton,837
product,Brendan,Eldora,Dicki,Robel  Bogan and Keeling,838
product,Kameron,Amparo,Wolff,Turner  Champlin and Ratke,839
product,Nova,Dasia,Wehner,Waters  Stiedemann and Simonis,840
product,Jess,Odessa,Berge,Veum  Brakus and Carroll,841
product,Electa,Genoveva,Strosin,Harris  Sawayn and Zboncak,842
product,Gabrielle,Rosella,Watsica,Price LLC,843
product,Bobbie,Sydnee,Kub,Dickens - Ferry,844
product,Zackery,Domenica,Fritsch,Boyle  Trantow and Botsford,845
product,Manuel,Hoyt,Heaney,Goldner - Parker,846
product,Heath,Brady,Kling,Botsford  Jacobi and Kautzer,847
product,Carter,Pablo,Douglas,Swaniawski and Sons,848
product,Yolanda,Bridgette,Corwin,White Group,849
product,Tremayne,Dana,Harvey,Reynolds - Kuphal,850
product,Will,Linwood,Torphy,Stoltenberg  Schuster and Marquardt,851
product,Maria,Queen,Roberts,Schinner LLC,852
product,Favian,Cordelia,Renner,Simonis Group,853
product,Alayna,Tavares,Harris,Lang  Predovic and O'Kon,854
product,Lynn,Maggie,Zieme,Stokes  Heller and Roob,855
product,Kyle,Suzanne,Lakin,Crona  Boyer and Streich,856
product,Maude,Tristian,Cummings,Kozey LLC,857
product,Keagan,Marjorie,MacGyver,Leannon  Ruecker and Lang,858
product,Laurie,Haley,Turcotte,Wilkinson LLC,859
product,Dayton,Paul,Kassulke,Bayer  Lang and Rempel,860
product,Jada,Layla,Klein,Jast - Koss,861
product,Luis,Maude,Kuphal,Tremblay LLC,862
product,Garret,Christophe,Medhurst,Dietrich - Douglas,863
product,Ona,Mozell,Becker,Bogisich  Hermiston and Parisian,864
product,Imogene,Priscilla,White,Schoen - Harber,865
product,Alberto,Shayna,Bergstrom,Zemlak - Harris,866
product,Maximillia,Casandra,Gleason,Russel  Langosh and Wolf,867
product,Mattie,Jack,Ziemann,Schoen Inc,868
product,Lavinia,Boris,Bergstrom,Sauer Inc,869
product,Kory,Demario,West,Hagenes  Wyman and Haley,870
product,Annamae,Lorine,Fisher,Brown and Sons,871
product,Chanelle,Jazmin,Johnston,Thompson Inc,872
product,Arjun,Sasha,Pfeffer,Crist - D'Amore,873
product,Lucienne,Cruz,Oberbrunner,D'Amore LLC,874
product,Delores,Estrella,Doyle,Torphy  Cummings and Wilderman,875
product,Stanford,Evalyn,Reynolds,Herzog Inc,876
product,Maggie,Kaylah,Johns,Howell - Konopelski,877
product,Dortha,Donna,Ebert,Bednar and Sons,878
product,Chanelle,Neil,Stark,Ondricka - Daugherty,879
product,Korbin,Turner,Heaney,Carter  Schultz and Bashirian,880
product,Krista,Alexis,Farrell,Hilll - Smitham,881
product,Raleigh,Isaiah,Armstrong,Lynch  Schimmel and Bahringer,882
product,Marlee,Kasey,Braun,Orn  Robel and Conroy,883
product,Adah,Ashlee,Bogan,Auer - Russel,884
product,Shaylee,Julian,Orn,Walter  Borer and Sporer,885
product,Clifford,Marian,Bernhard,Gerlach - Gibson,886
product,Keith,Aubrey,Runolfsson,Jenkins and Sons,887
product,Lisa,Vernon,Brown,Klocko - Terry,888
product,Makayla,Bartholome,Lebsack,Conroy - Kris,889
product,Ozella,Vanessa,Dickens,Windler  Nitzsche and Crooks,890
product,Jennyfer,Laurianne,Stamm,Mitchell  Krajcik and Dach,891
product,Kenton,Selmer,Fadel,Denesik  Treutel and Anderson,892
product,Casandra,Noble,Tromp,Hills  Boehm and Swaniawski,893
product,Brenna,Adrien,Smitham,Kling - Okuneva,894
product,Chaya,Zackary,Douglas,Kunde  Blanda and Schroeder,895
product,Kavon,Isabell,Franecki,Homenick - Rogahn,896
product,Rey,Thea,Sanford,Ortiz - Greenfelder,897
product,Ivy,Laurence,Shanahan,Hackett Group,898
product,Abigayle,Richie,Daniel,Leuschke and Sons,899
product,Dion,Vladimir,Kertzmann,Lang  Keeling and Leuschke,900
product,Michale,Jaclyn,Stehr,Marquardt  Hermann and Collier,901
product,Marcos,Eulah,Berge,Bailey - Altenwerth,902
product,Maryse,Trent,Kiehn,Jenkins LLC,903
product,Bill,Stephanie,Emmerich,Abernathy - Gleason,904
product,Chelsie,Dena,Schaefer,Zboncak  Braun and Zieme,905
product,Myrtis,Mike,Walker,White LLC,906
product,Hazel,Keaton,Sanford,Moen - Vandervort,907
product,Ben,Marcelle,King,Jacobi and Sons,908
product,Rosanna,Gladys,Schulist,Crist  Bauch and Jerde,909
product,Dee,Kayley,Lesch,Walsh and Sons,910
product,Francisca,Rebecca,Emmerich,Weber Inc,911
product,Ethan,Maximilian,Howe,Schmidt - Stanton,912
product,Leo,Harold,Waelchi,Windler and Sons,913
product,Gaylord,Jaquelin,Greenholt,Funk - Adams,914
product,Clair,Jensen,Wiegand,Stracke - Wisozk,915
product,Willy,Vincent,Smitham,Romaguera - Hilll,916
product,Imelda,Mustafa,Kuhn,Baumbach - Bauch,917
product,Hildegard,Demarcus,Mante,Braun Inc,918
product,Dixie,Lavina,Frami,Kautzer - Lebsack,919
product,Emery,Ettie,Corkery,McCullough  Schaefer and Jenkins,920
product,Matilde,Pascale,Ferry,Zieme Inc,921
product,Sophia,Dahlia,Dicki,Daugherty and Sons,922
product,Santa,Dino,Russel,Hane  Lindgren and Feil,923
product,Deangelo,Rickey,Schuster,Bartoletti  Zboncak and Kunde,924
product,Keaton,Jacquelyn,Turcotte,Parker  Kirlin and Quitzon,925
product,Emiliano,Trever,Keeling,Cassin Inc,926
product,Deron,Shayna,Runte,Volkman and Sons,927
product,Hulda,Dejah,Wolf,Emmerich Inc,928
product,Austen,Edwardo,Smitham,Kunze - Nolan,929
product,Belle,Jonas,O'Hara,Parisian LLC,930
product,Loraine,Craig,Ullrich,Pollich  Herzog and Kulas,931
product,Dayne,Lucile,Wolf,Yundt  Torp and Ruecker,932
product,Keely,Michale,Fritsch,Cartwright  Friesen and Jaskolski,933
product,Angie,Major,Prohaska,Bahringer  Hackett and Effertz,934
product,Lonnie,Royce,MacGyver,Schulist Group,935
product,Jade,Axel,Fritsch,Cormier  Stanton and Tromp,936
product,Stan,Modesta,McCullough,Quitzon  Swaniawski and Barton,937
product,Eva,Cristobal,Stehr,Nicolas - Lemke,938
product,Bert,Laurence,Kemmer,Bartell  Lakin and Labadie,939
product,Bernard,Margot,Volkman,Renner - Oberbrunner,940
product,Alisha,Janae,Hauck,Langworth  Kutch and Brown,941
product,Damian,Zora,Gerlach,Hyatt and Sons,942
product,Sarina,Haley,Lebsack,Quitzon - Torp,943
product,Delaney,Audra,Mertz,Swaniawski  Bergnaum and West,944
product,Collin,Rupert,Kozey,McClure - Dickens,945
product,Katarina,Daphne,Schoen,Heathcote Group,946
product,Melvina,Ryleigh,Nikolaus,Conn and Sons,947
product,Berniece,Allie,Hackett,Ritchie  Hauck and Veum,948
product,Eliane,Maymie,Cartwright,Kihn - Reichel,949
product,Nestor,Lora,Wolff,Crist Inc,950
product,Michele,Lucio,Gulgowski,Pacocha and Sons,951
product,Jaren,Verlie,Osinski,Gleason - VonRueden,952
product,Ines,Rosalia,Tromp,Ernser  Gusikowski and Stroman,953
product,Emmie,Shana,Heaney,Hermann Group,954
product,Asa,Meggie,Bahringer,Kihn - Connelly,955
product,Jessyca,Donato,Hudson,Borer Group,956
product,Pearlie,Evangeline,Bednar,Langworth  Brown and Connelly,957
product,Myrtis,Raphaelle,Dooley,O'Hara  Jakubowski and Cremin,958
product,Tamara,Norwood,Quitzon,Greenfelder - Kunze,959
product,Frederick,Meagan,Cremin,Hammes  Rodriguez and Hauck,960
product,Lauryn,Yadira,Will,Labadie - Armstrong,961
product,Abraham,Marion,Fay,Moen - Hickle,962
product,Mossie,Janie,Smitham,Koch  Gleichner and Ferry,963
product,Pauline,Phoebe,Schumm,Conroy  Little and Hudson,964
product,Yvonne,Dovie,Moen,Weissnat  O'Kon and Veum,965
product,Alvena,Jerad,Howell,Effertz  Bailey and Rice,966
product,Keyon,Marcella,Bechtelar,Boyle  Windler and Senger,967
product,Leann,Chelsea,Langworth,Russel - Schoen,968
product,Estell,Alberta,Beer,Wisoky - Abernathy,969
product,Silas,Pete,Mertz,Hickle  McClure and Satterfield,970
product,Dale,Parker,Sipes,Erdman  Veum and Kerluke,971
product,Shaylee,Ulices,Waters,Bogan - Kunze,972
product,Jeffry,Grayson,Rosenbaum,Runolfsdottir  Koch and Ruecker,973
product,Sunny,Zula,Kub,Grady - Wyman,974
product,Ethelyn,Karelle,Hudson,Keebler  Trantow and Bauch,975
product,Aiden,Murray,Nikolaus,Kuphal  Fay and Conroy,976
product,Cecil,Ezekiel,Hammes,Beier - Williamson,977
product,Myra,Jadyn,Bailey,Murray - Stanton,978
product,Evie,Ewell,Leffler,Pollich - Funk,979
product,Brandon,Demetrius,Koss,O'Conner - Jacobson,980
product,Vita,Annabelle,Braun,Hessel  Thompson and Kuhic,981
product,Brannon,Adelia,Gusikowski,Bayer and Sons,982
product,Clint,Enrique,Jacobs,Daugherty and Sons,983
product,Korbin,Hiram,Bartoletti,West  Kirlin and Bechtelar,984
product,Columbus,Cassie,Kemmer,Morar - Weissnat,985
product,Augusta,Ezra,Donnelly,Fadel  Jones and Hamill,986
product,Hershel,Minerva,Leuschke,Hansen Group,987
product,Dell,Garrison,Kautzer,Schulist  Wilkinson and Kessler,988
product,Aidan,Elinor,Cassin,Mertz  Kohler and Turcotte,989
product,Deion,Garrett,Kub,Runolfsdottir and Sons,990
product,Loma,Carlos,Jakubowski,Kub  Ziemann and Kuhlman,991
product,Alec,Aida,Murray,Murray - Huel,992
product,Wayne,Camilla,Kiehn,Greenholt and Sons,993
product,Bret,Myah,Quitzon,Casper and Sons,994
product,Dangelo,Salvador,Miller,Rippin - Mante,995
product,Stacy,Jaiden,Miller,Dickens - VonRueden,996
product,Felipa,Samanta,Roob,Koss - Ondricka,997
product,Toney,Darryl,Miller,Carter - Oberbrunner,998
product,Sadye,Raul,Powlowski,Smith  Macejkovic and Kling,999
